| remetente_legitimo                                                  |
| ------------------------------------------------------------------- |
| [suporte@nubank.com.br](mailto:suporte@nubank.com.br)               |
| [atendimento@itau.com.br](mailto:atendimento@itau.com.br)           |
| [comunicacao@caixa.gov.br](mailto:comunicacao@caixa.gov.br)         |
| [notificacao@bb.com.br](mailto:notificacao@bb.com.br)               |
| [noreply@mercadolivre.com](mailto:noreply@mercadolivre.com)         |
| [suporte@pagseguro.com](mailto:suporte@pagseguro.com)               |
| [atendimento@paypal.com](mailto:atendimento@paypal.com)             |
| [no-reply@amazon.com.br](mailto:no-reply@amazon.com.br)             |
| [comunicados@serasa.com.br](mailto:comunicados@serasa.com.br)       |
| [atendimento@santander.com.br](mailto:atendimento@santander.com.br) |
| [info@magazineluiza.com.br](mailto:info@magazineluiza.com.br)       |
| [noreply@google.com](mailto:noreply@google.com)                     |
| [updates@linkedin.com](mailto:updates@linkedin.com)                 |
| [no-reply@spotify.com](mailto:no-reply@spotify.com)                 |
| [suporte@outlook.com](mailto:suporte@outlook.com)                   |
| [no-reply@facebookmail.com](mailto:no-reply@facebookmail.com)       |
| [notificacao@correios.com.br](mailto:notificacao@correios.com.br)   |
| [suporte@netflix.com](mailto:suporte@netflix.com)                   |
| [atendimento@americanas.com](mailto:atendimento@americanas.com)     |
| [atendimento@uol.com.br](mailto:atendimento@uol.com.br)             |
